﻿<?xml version="1.0" encoding="utf-8" ?>
<states>
  <state name="gotoTarget">
    <transition condition="atTarget" action="attackTarget"/>
    <transition condition="nearTurret" action="attackTurret"/>
  </state>
  <state name="attackTarget">
    <transition condition="noAmmo" action="destroy"/>
  </state>
  <state name="attackTurret">
    <transition condition="noAmmo" action="destroy"/>
    <transition condition="noAttacker" action="gotoTarget"/>
  </state>
  <state name="evadeAttacker">
    <transition condition="awayFromAttacker" action="gotoTarget"/>
  </state>
  <state name="destroy">
    
  </state>
</states>
